<?xml version="1.0" encoding="UTF-8"?>
<metadata xml:lang="en"><Esri><CreaDate>20221011</CreaDate><CreaTime>22252900</CreaTime><ArcGISFormat>1.0</ArcGISFormat><SyncOnce>TRUE</SyncOnce><DataProperties><lineage><Process ToolSource="c:\program files (x86)\arcgis\desktop10.7\ArcToolbox\Toolboxes\Data Management Tools.tbx\CalculateField" Date="20221011" Time="222529">CalculateField Residencies Type Educational VB #</Process><Process ToolSource="c:\program files (x86)\arcgis\desktop10.8\ArcToolbox\Toolboxes\Data Management Tools.tbx\CalculateField" Date="20221012" Time="142642">CalculateField Residencies Weight 8 VB #</Process></lineage></DataProperties></Esri></metadata>
